{"cameraMode":{"drawMode":0,"name":"Shaded","section":"Shading Mode"},"sceneLighting":false,"audioPlay":false,"sceneViewState":{"m_AlwaysRefresh":false,"showFog":true,"showSkybox":false,"showFlares":true,"showImageEffects":true,"showParticleSystems":true,"showVisualEffectGraphs":true,"m_FxEnabled":true},"in2DMode":false,"pivot":{"x":2.3489999771118166,"y":1.3301501274108887,"z":1.3076999187469483},"rotation":{"x":0.14894279837608338,"y":-0.5841763615608215,"z":0.11012006551027298,"w":0.7902172207832336},"size":0.16848118603229524,"orthographic":true}