{"cameraMode":{"drawMode":0,"name":"Shaded","section":"Shading Mode"},"sceneLighting":false,"audioPlay":false,"sceneViewState":{"m_AlwaysRefresh":false,"showFog":true,"showSkybox":false,"showFlares":true,"showImageEffects":true,"showParticleSystems":true,"showVisualEffectGraphs":true,"m_FxEnabled":true},"in2DMode":false,"pivot":{"x":6.615538120269775,"y":3.1470425128936769,"z":-1.1853013038635255},"rotation":{"x":0.2668767273426056,"y":0.49612385034561159,"z":0.8099099397659302,"w":-0.1634509265422821},"size":0.32930734753608706,"orthographic":true}