{"cameraMode":{"drawMode":0,"name":"Shaded","section":"Shading Mode"},"sceneLighting":false,"audioPlay":false,"sceneViewState":{"m_AlwaysRefresh":false,"showFog":true,"showSkybox":false,"showFlares":true,"showImageEffects":true,"showParticleSystems":true,"showVisualEffectGraphs":true,"m_FxEnabled":true},"in2DMode":false,"pivot":{"x":-0.19743987917900086,"y":0.10516040772199631,"z":0.001245751976966858},"rotation":{"x":0.027283070608973504,"y":-0.02758827432990074,"z":-0.9992508888244629,"w":-0.0007537244819104672},"size":0.17038501799106599,"orthographic":true}