{"cameraMode":{"drawMode":0,"name":"Shaded","section":"Shading Mode"},"sceneLighting":false,"audioPlay":false,"sceneViewState":{"m_AlwaysRefresh":false,"showFog":true,"showSkybox":false,"showFlares":true,"showImageEffects":true,"showParticleSystems":true,"showVisualEffectGraphs":true,"m_FxEnabled":true},"in2DMode":false,"pivot":{"x":-0.1826203167438507,"y":-0.019977521151304246,"z":0.01116187870502472},"rotation":{"x":0.027283070608973504,"y":-0.02758827432990074,"z":-0.9992508888244629,"w":-0.0007537244819104672},"size":0.24230463802814485,"orthographic":true}