{"cameraMode":{"drawMode":0,"name":"Shaded","section":"Shading Mode"},"sceneLighting":false,"audioPlay":false,"sceneViewState":{"m_AlwaysRefresh":false,"showFog":true,"showSkybox":false,"showFlares":true,"showImageEffects":true,"showParticleSystems":true,"showVisualEffectGraphs":true,"m_FxEnabled":true},"in2DMode":false,"pivot":{"x":4.321199893951416,"y":2.4701499938964845,"z":-2.319999933242798},"rotation":{"x":0.014482262544333935,"y":-0.6111173033714294,"z":0.011193943209946156,"w":0.7913393378257752},"size":0.12937627732753755,"orthographic":true}