{"cameraMode":{"drawMode":0,"name":"Shaded","section":"Shading Mode"},"sceneLighting":false,"audioPlay":false,"sceneViewState":{"m_AlwaysRefresh":false,"showFog":true,"showSkybox":false,"showFlares":true,"showImageEffects":true,"showParticleSystems":true,"showVisualEffectGraphs":true,"m_FxEnabled":true},"in2DMode":false,"pivot":{"x":4.320868015289307,"y":2.4666690826416017,"z":-2.3209307193756105},"rotation":{"x":-0.02376963011920452,"y":0.45442748069763186,"z":0.012143880128860474,"w":0.8903953433036804},"size":0.10848994553089142,"orthographic":true}