{"cameraMode":{"drawMode":0,"name":"Shaded","section":"Shading Mode"},"sceneLighting":true,"audioPlay":false,"sceneViewState":{"m_AlwaysRefresh":false,"showFog":true,"showSkybox":true,"showFlares":true,"showImageEffects":true,"showParticleSystems":true,"showVisualEffectGraphs":true,"m_FxEnabled":true},"in2DMode":false,"pivot":{"x":-2.1459341049194338,"y":-0.2261209487915039,"z":-7.492500305175781},"rotation":{"x":-0.009479964151978493,"y":0.9851406216621399,"z":-0.057694219052791598,"w":-0.16162461042404176},"size":4.365318298339844,"orthographic":false}