{"cameraMode":{"drawMode":0,"name":"Shaded","section":"Shading Mode"},"sceneLighting":true,"audioPlay":false,"sceneViewState":{"m_AlwaysRefresh":false,"showFog":true,"showSkybox":true,"showFlares":true,"showImageEffects":true,"showParticleSystems":true,"showVisualEffectGraphs":true,"m_FxEnabled":true},"in2DMode":false,"pivot":{"x":-1.501423716545105,"y":-0.4214756488800049,"z":-2.7729570865631105},"rotation":{"x":0.055602747946977618,"y":-0.9372850656509399,"z":0.1763743907213211,"w":0.2954901456832886},"size":2.0757830142974855,"orthographic":false}